"Selected Nomen","Native Nomen","Reporter","Reporter Name","Product","Product Name","Partner","Partner Name","Tariff Year","Trade Year","DutyType","Simple Average","Imports Value in 1000 USD"
"GP","H4","484","Mexico","10","OAP - Animal products nec","036","Australia",2018,2018,"MFN",7.22,255.007
"GP","H4","484","Mexico","10","OAP - Animal products nec","124","Canada",2018,2018,"MFN",8.28,11607.494
"GP","H4","484","Mexico","10","OAP - Animal products nec","152","Chile",2018,2018,"MFN",7.22,1534.645
"GP","H4","484","Mexico","10","OAP - Animal products nec","392","Japan",2018,2018,"MFN",12.5,0.001
"GP","H4","484","Mexico","10","OAP - Animal products nec","554","New Zealand",2018,2018,"MFN",15,0.099
"GP","H4","484","Mexico","10","OAP - Animal products nec","604","Peru",2018,2018,"MFN",5.21,1652.304
"GP","H4","484","Mexico","10","OAP - Animal products nec","702","Singapore",2018,2018,"MFN",15,0.169
"GP","H4","484","Mexico","10","OAP - Animal products nec","704","Vietnam",2018,2018,"MFN",14.17,2.949
"GP","H4","484","Mexico","40","ELE - Computer, electronic and optical products","036","Australia",2018,2018,"MFN",1.4,19785.827
"GP","H4","484","Mexico","40","ELE - Computer, electronic and optical products","096","Brunei",2018,2018,"MFN",1.29,21.238
"GP","H4","484","Mexico","40","ELE - Computer, electronic and optical products","124","Canada",2018,2018,"MFN",1.71,537713.431
"GP","H4","484","Mexico","40","ELE - Computer, electronic and optical products","152","Chile",2018,2018,"MFN",1.39,2219.688
"GP","H4","484","Mexico","40","ELE - Computer, electronic and optical products","356","India",2018,2018,"MFN",1.75,144257.848
"GP","H4","484","Mexico","40","ELE - Computer, electronic and optical products","392","Japan",2018,2018,"MFN",1.71,2845141.881
"GP","H4","484","Mexico","40","ELE - Computer, electronic and optical products","458","Malaysia",2018,2018,"MFN",1.84,7883265.126
"GP","H4","484","Mexico","40","ELE - Computer, electronic and optical products","554","New Zealand",2018,2018,"MFN",1.13,6628.749
"GP","H4","484","Mexico","40","ELE - Computer, electronic and optical products","604","Peru",2018,2018,"MFN",1.3,215.439
"GP","H4","484","Mexico","40","ELE - Computer, electronic and optical products","702","Singapore",2018,2018,"MFN",1.37,945192.286
"GP","H4","484","Mexico","40","ELE - Computer, electronic and optical products","704","Vietnam",2018,2018,"MFN",1.68,2304484.893
"GP","H4","484","Mexico","43","MVH - Motor vehicles and parts","036","Australia",2018,2018,"MFN",5.48,4550.936
"GP","H4","484","Mexico","43","MVH - Motor vehicles and parts","096","Brunei",2018,2018,"MFN",1.22,0.335
"GP","H4","484","Mexico","43","MVH - Motor vehicles and parts","124","Canada",2018,2018,"MFN",10.23,1836147.837
"GP","H4","484","Mexico","43","MVH - Motor vehicles and parts","152","Chile",2018,2018,"MFN",3.61,7200.901
"GP","H4","484","Mexico","43","MVH - Motor vehicles and parts","356","India",2018,2018,"MFN",8.37,1689483.416
"GP","H4","484","Mexico","43","MVH - Motor vehicles and parts","392","Japan",2018,2018,"MFN",9.53,3961499.164
"GP","H4","484","Mexico","43","MVH - Motor vehicles and parts","458","Malaysia",2018,2018,"MFN",1.83,13163.548
"GP","H4","484","Mexico","43","MVH - Motor vehicles and parts","554","New Zealand",2018,2018,"MFN",2.85,708.056
"GP","H4","484","Mexico","43","MVH - Motor vehicles and parts","604","Peru",2018,2018,"MFN",0.92,40.044
"GP","H4","484","Mexico","43","MVH - Motor vehicles and parts","702","Singapore",2018,2018,"MFN",1.79,13378.923
"GP","H4","484","Mexico","43","MVH - Motor vehicles and parts","704","Vietnam",2018,2018,"MFN",2.83,89202.27
"GP","H4","702","Singapore","10","OAP - Animal products nec","036","Australia",2018,2017,"MFN",0,13627.077
"GP","H4","702","Singapore","10","OAP - Animal products nec","124","Canada",2018,2017,"MFN",0,23.569
"GP","H4","702","Singapore","10","OAP - Animal products nec","356","India",2018,2017,"MFN",0,659.782
"GP","H4","702","Singapore","10","OAP - Animal products nec","392","Japan",2018,2017,"MFN",0,356.401
"GP","H4","702","Singapore","10","OAP - Animal products nec","458","Malaysia",2018,2017,"MFN",0,296774.029
"GP","H4","702","Singapore","10","OAP - Animal products nec","484","Mexico",2018,2017,"MFN",0,13.194
"GP","H4","702","Singapore","10","OAP - Animal products nec","554","New Zealand",2018,2017,"MFN",0,16713.093
"GP","H4","702","Singapore","10","OAP - Animal products nec","704","Vietnam",2018,2017,"MFN",0,4885.464
"GP","H4","702","Singapore","40","ELE - Computer, electronic and optical products","036","Australia",2018,2017,"MFN",0,103184.283
"GP","H4","702","Singapore","40","ELE - Computer, electronic and optical products","096","Brunei",2018,2017,"MFN",0,3122.851
"GP","H4","702","Singapore","40","ELE - Computer, electronic and optical products","124","Canada",2018,2017,"MFN",0,187751.437
"GP","H4","702","Singapore","40","ELE - Computer, electronic and optical products","152","Chile",2018,2017,"MFN",0,426.692
"GP","H4","702","Singapore","40","ELE - Computer, electronic and optical products","356","India",2018,2017,"MFN",0,191068.404
"GP","H4","702","Singapore","40","ELE - Computer, electronic and optical products","392","Japan",2018,2017,"MFN",0,4953754.172
"GP","H4","702","Singapore","40","ELE - Computer, electronic and optical products","458","Malaysia",2018,2017,"MFN",0,14372445.181
"GP","H4","702","Singapore","40","ELE - Computer, electronic and optical products","484","Mexico",2018,2017,"MFN",0,611831.857
"GP","H4","702","Singapore","40","ELE - Computer, electronic and optical products","554","New Zealand",2018,2017,"MFN",0,7441.677
"GP","H4","702","Singapore","40","ELE - Computer, electronic and optical products","604","Peru",2018,2017,"MFN",0,360.002
"GP","H4","702","Singapore","40","ELE - Computer, electronic and optical products","704","Vietnam",2018,2017,"MFN",0,1065159.804
"GP","H4","702","Singapore","43","MVH - Motor vehicles and parts","036","Australia",2018,2017,"MFN",0,17144.279
"GP","H4","702","Singapore","43","MVH - Motor vehicles and parts","096","Brunei",2018,2017,"MFN",0,254.515
"GP","H4","702","Singapore","43","MVH - Motor vehicles and parts","124","Canada",2018,2017,"MFN",0,5354.447
"GP","H4","702","Singapore","43","MVH - Motor vehicles and parts","152","Chile",2018,2017,"MFN",0,0.213
"GP","H4","702","Singapore","43","MVH - Motor vehicles and parts","356","India",2018,2017,"MFN",0,42474.695
"GP","H4","702","Singapore","43","MVH - Motor vehicles and parts","392","Japan",2018,2017,"MFN",0,1437497.823
"GP","H4","702","Singapore","43","MVH - Motor vehicles and parts","458","Malaysia",2018,2017,"MFN",0,146824.068
"GP","H4","702","Singapore","43","MVH - Motor vehicles and parts","484","Mexico",2018,2017,"MFN",0,24350.425
"GP","H4","702","Singapore","43","MVH - Motor vehicles and parts","554","New Zealand",2018,2017,"MFN",0,499.197
"GP","H4","702","Singapore","43","MVH - Motor vehicles and parts","604","Peru",2018,2017,"MFN",0,567.649
"GP","H4","702","Singapore","43","MVH - Motor vehicles and parts","704","Vietnam",2018,2017,"MFN",0,9037.558
"GP","H5","036","Australia","10","OAP - Animal products nec","036","Australia",2018,2018,"MFN",0.31,661.172
"GP","H5","036","Australia","10","OAP - Animal products nec","124","Canada",2018,2018,"MFN",2.5,762.875
"GP","H5","036","Australia","10","OAP - Animal products nec","152","Chile",2018,2018,"MFN",2.5,366.179
"GP","H5","036","Australia","10","OAP - Animal products nec","356","India",2018,2018,"MFN",0,379.291
"GP","H5","036","Australia","10","OAP - Animal products nec","458","Malaysia",2018,2018,"MFN",0,2075.77
"GP","H5","036","Australia","10","OAP - Animal products nec","554","New Zealand",2018,2018,"MFN",0.25,56374.666
"GP","H5","036","Australia","10","OAP - Animal products nec","702","Singapore",2018,2018,"MFN",0,212.745
"GP","H5","036","Australia","10","OAP - Animal products nec","704","Vietnam",2018,2018,"MFN",0.83,89.545
"GP","H5","036","Australia","40","ELE - Computer, electronic and optical products","036","Australia",2018,2018,"MFN",0.78,112553.213
"GP","H5","036","Australia","40","ELE - Computer, electronic and optical products","096","Brunei",2018,2018,"MFN",0,116.132
"GP","H5","036","Australia","40","ELE - Computer, electronic and optical products","124","Canada",2018,2018,"MFN",0.88,169438.425
"GP","H5","036","Australia","40","ELE - Computer, electronic and optical products","152","Chile",2018,2018,"MFN",0.8,490.541
"GP","H5","036","Australia","40","ELE - Computer, electronic and optical products","356","India",2018,2018,"MFN",0.75,58380.257
"GP","H5","036","Australia","40","ELE - Computer, electronic and optical products","392","Japan",2018,2018,"MFN",0.74,661757.289
"GP","H5","036","Australia","40","ELE - Computer, electronic and optical products","458","Malaysia",2018,2018,"MFN",0.87,1310855.067
"GP","H5","036","Australia","40","ELE - Computer, electronic and optical products","484","Mexico",2018,2018,"MFN",0.84,631109.476
"GP","H5","036","Australia","40","ELE - Computer, electronic and optical products","554","New Zealand",2018,2018,"MFN",0.86,73062.899
"GP","H5","036","Australia","40","ELE - Computer, electronic and optical products","604","Peru",2018,2018,"MFN",0.35,596.316
"GP","H5","036","Australia","40","ELE - Computer, electronic and optical products","702","Singapore",2018,2018,"MFN",0.76,568051.931
"GP","H5","036","Australia","40","ELE - Computer, electronic and optical products","704","Vietnam",2018,2018,"MFN",0.97,1704834.161
"GP","H5","036","Australia","43","MVH - Motor vehicles and parts","036","Australia",2018,2018,"MFN",4.04,11251.216
"GP","H5","036","Australia","43","MVH - Motor vehicles and parts","124","Canada",2018,2018,"MFN",4.1,77543.229
"GP","H5","036","Australia","43","MVH - Motor vehicles and parts","152","Chile",2018,2018,"MFN",3.91,3092.177
"GP","H5","036","Australia","43","MVH - Motor vehicles and parts","356","India",2018,2018,"MFN",3.7,137110.362
"GP","H5","036","Australia","43","MVH - Motor vehicles and parts","392","Japan",2018,2018,"MFN",4.15,8447394.196
"GP","H5","036","Australia","43","MVH - Motor vehicles and parts","458","Malaysia",2018,2018,"MFN",4.03,37420.329
"GP","H5","036","Australia","43","MVH - Motor vehicles and parts","484","Mexico",2018,2018,"MFN",4.13,478833.513
"GP","H5","036","Australia","43","MVH - Motor vehicles and parts","554","New Zealand",2018,2018,"MFN",3.98,62707.312
"GP","H5","036","Australia","43","MVH - Motor vehicles and parts","604","Peru",2018,2018,"MFN",4.17,307.22
"GP","H5","036","Australia","43","MVH - Motor vehicles and parts","702","Singapore",2018,2018,"MFN",3.89,30267.225
"GP","H5","036","Australia","43","MVH - Motor vehicles and parts","704","Vietnam",2018,2018,"MFN",3.98,18259.816
"GP","H5","096","Brunei","10","OAP - Animal products nec","036","Australia",2018,2018,"MFN",0,186.202
"GP","H5","096","Brunei","10","OAP - Animal products nec","356","India",2018,2018,"MFN",0,1.087
"GP","H5","096","Brunei","10","OAP - Animal products nec","392","Japan",2018,2018,"MFN",0,1.525
"GP","H5","096","Brunei","10","OAP - Animal products nec","458","Malaysia",2018,2018,"MFN",0,5708.3
"GP","H5","096","Brunei","10","OAP - Animal products nec","554","New Zealand",2018,2018,"MFN",0,0.615
"GP","H5","096","Brunei","10","OAP - Animal products nec","702","Singapore",2018,2018,"MFN",0,9.343
"GP","H5","096","Brunei","40","ELE - Computer, electronic and optical products","036","Australia",2018,2018,"MFN",0.09,784.137
"GP","H5","096","Brunei","40","ELE - Computer, electronic and optical products","124","Canada",2018,2018,"MFN",0.05,859.428
"GP","H5","096","Brunei","40","ELE - Computer, electronic and optical products","152","Chile",2018,2018,"MFN",0,0.822
"GP","H5","096","Brunei","40","ELE - Computer, electronic and optical products","356","India",2018,2018,"MFN",0.06,1040.543
"GP","H5","096","Brunei","40","ELE - Computer, electronic and optical products","392","Japan",2018,2018,"MFN",0.07,1476.631
"GP","H5","096","Brunei","40","ELE - Computer, electronic and optical products","458","Malaysia",2018,2018,"MFN",0.05,19422.589
"GP","H5","096","Brunei","40","ELE - Computer, electronic and optical products","484","Mexico",2018,2018,"MFN",0.04,457.584
"GP","H5","096","Brunei","40","ELE - Computer, electronic and optical products","554","New Zealand",2018,2018,"MFN",0.08,18.529
"GP","H5","096","Brunei","40","ELE - Computer, electronic and optical products","702","Singapore",2018,2018,"MFN",0.04,39362.173
"GP","H5","096","Brunei","40","ELE - Computer, electronic and optical products","704","Vietnam",2018,2018,"MFN",0,1819.932
"GP","H5","096","Brunei","43","MVH - Motor vehicles and parts","036","Australia",2018,2018,"MFN",0,150.555
"GP","H5","096","Brunei","43","MVH - Motor vehicles and parts","124","Canada",2018,2018,"MFN",0,28.159
"GP","H5","096","Brunei","43","MVH - Motor vehicles and parts","152","Chile",2018,2018,"MFN",0,0.541
"GP","H5","096","Brunei","43","MVH - Motor vehicles and parts","356","India",2018,2018,"MFN",0,11864.581
"GP","H5","096","Brunei","43","MVH - Motor vehicles and parts","392","Japan",2018,2018,"MFN",0.13,65421.73
"GP","H5","096","Brunei","43","MVH - Motor vehicles and parts","458","Malaysia",2018,2018,"MFN",0.17,3052.057
"GP","H5","096","Brunei","43","MVH - Motor vehicles and parts","484","Mexico",2018,2018,"MFN",0.31,872.003
"GP","H5","096","Brunei","43","MVH - Motor vehicles and parts","554","New Zealand",2018,2018,"MFN",0,5.897
"GP","H5","096","Brunei","43","MVH - Motor vehicles and parts","702","Singapore",2018,2018,"MFN",0.19,2954.822
"GP","H5","096","Brunei","43","MVH - Motor vehicles and parts","704","Vietnam",2018,2018,"MFN",0.28,39.445
"GP","H5","124","Canada","10","OAP - Animal products nec","036","Australia",2018,2018,"MFN",0.18,12066.19
"GP","H5","124","Canada","10","OAP - Animal products nec","124","Canada",2018,2018,"MFN",0,453.236
"GP","H5","124","Canada","10","OAP - Animal products nec","152","Chile",2018,2018,"MFN",0.29,848.008
"GP","H5","124","Canada","10","OAP - Animal products nec","356","India",2018,2018,"MFN",0,3212.94
"GP","H5","124","Canada","10","OAP - Animal products nec","392","Japan",2018,2018,"MFN",1.22,15.151
"GP","H5","124","Canada","10","OAP - Animal products nec","458","Malaysia",2018,2018,"MFN",1.22,67.875
"GP","H5","124","Canada","10","OAP - Animal products nec","484","Mexico",2018,2018,"MFN",0.25,2316.829
"GP","H5","124","Canada","10","OAP - Animal products nec","554","New Zealand",2018,2018,"MFN",1.57,18034.58
"GP","H5","124","Canada","10","OAP - Animal products nec","604","Peru",2018,2018,"MFN",0,76.378
"GP","H5","124","Canada","10","OAP - Animal products nec","702","Singapore",2018,2018,"MFN",2.6,58.397
"GP","H5","124","Canada","10","OAP - Animal products nec","704","Vietnam",2018,2018,"MFN",1.44,707.806
"GP","H5","124","Canada","40","ELE - Computer, electronic and optical products","036","Australia",2018,2018,"MFN",0.84,50314.231
"GP","H5","124","Canada","40","ELE - Computer, electronic and optical products","096","Brunei",2018,2018,"MFN",0.82,1.73
"GP","H5","124","Canada","40","ELE - Computer, electronic and optical products","124","Canada",2018,2018,"MFN",1.04,358655.076
"GP","H5","124","Canada","40","ELE - Computer, electronic and optical products","152","Chile",2018,2018,"MFN",0.77,467.42
"GP","H5","124","Canada","40","ELE - Computer, electronic and optical products","356","India",2018,2018,"MFN",1.02,66619.684
"GP","H5","124","Canada","40","ELE - Computer, electronic and optical products","392","Japan",2018,2018,"MFN",0.99,1279478.8
"GP","H5","124","Canada","40","ELE - Computer, electronic and optical products","458","Malaysia",2018,2018,"MFN",0.89,1068162.711
"GP","H5","124","Canada","40","ELE - Computer, electronic and optical products","484","Mexico",2018,2018,"MFN",0.8,4056507.742
"GP","H5","124","Canada","40","ELE - Computer, electronic and optical products","554","New Zealand",2018,2018,"MFN",0.52,11199.826
"GP","H5","124","Canada","40","ELE - Computer, electronic and optical products","604","Peru",2018,2018,"MFN",1.06,71.756
"GP","H5","124","Canada","40","ELE - Computer, electronic and optical products","702","Singapore",2018,2018,"MFN",0.59,262657.79
"GP","H5","124","Canada","40","ELE - Computer, electronic and optical products","704","Vietnam",2018,2018,"MFN",0.96,941610.525
"GP","H5","124","Canada","43","MVH - Motor vehicles and parts","036","Australia",2018,2018,"MFN",3.07,14456.543
"GP","H5","124","Canada","43","MVH - Motor vehicles and parts","096","Brunei",2018,2018,"MFN",3.39,0.301
"GP","H5","124","Canada","43","MVH - Motor vehicles and parts","124","Canada",2018,2018,"MFN",3.97,212877.245
"GP","H5","124","Canada","43","MVH - Motor vehicles and parts","152","Chile",2018,2018,"MFN",2.84,1889.048
"GP","H5","124","Canada","43","MVH - Motor vehicles and parts","356","India",2018,2018,"MFN",2.89,371737.041
"GP","H5","124","Canada","43","MVH - Motor vehicles and parts","392","Japan",2018,2018,"MFN",3.57,4773402.757
"GP","H5","124","Canada","43","MVH - Motor vehicles and parts","458","Malaysia",2018,2018,"MFN",2.76,1796.151
"GP","H5","124","Canada","43","MVH - Motor vehicles and parts","484","Mexico",2018,2018,"MFN",3.98,10309072.245
"GP","H5","124","Canada","43","MVH - Motor vehicles and parts","554","New Zealand",2018,2018,"MFN",3.45,626.1
"GP","H5","124","Canada","43","MVH - Motor vehicles and parts","604","Peru",2018,2018,"MFN",2.3,177.059
"GP","H5","124","Canada","43","MVH - Motor vehicles and parts","702","Singapore",2018,2018,"MFN",2.81,2219.653
"GP","H5","124","Canada","43","MVH - Motor vehicles and parts","704","Vietnam",2018,2018,"MFN",3.48,21791.23
"GP","H5","152","Chile","10","OAP - Animal products nec","036","Australia",2018,2018,"MFN",6,26.734
"GP","H5","152","Chile","10","OAP - Animal products nec","124","Canada",2018,2018,"MFN",6,3299.875
"GP","H5","152","Chile","10","OAP - Animal products nec","152","Chile",2018,2018,"MFN",6,53.381
"GP","H5","152","Chile","10","OAP - Animal products nec","356","India",2018,2018,"MFN",6,0.481
"GP","H5","152","Chile","10","OAP - Animal products nec","484","Mexico",2018,2018,"MFN",6,55.2
"GP","H5","152","Chile","10","OAP - Animal products nec","554","New Zealand",2018,2018,"MFN",6,23.268
"GP","H5","152","Chile","10","OAP - Animal products nec","604","Peru",2018,2018,"MFN",6,3.239
"GP","H5","152","Chile","40","ELE - Computer, electronic and optical products","036","Australia",2018,2018,"MFN",6,16739.791
"GP","H5","152","Chile","40","ELE - Computer, electronic and optical products","096","Brunei",2018,2018,"MFN",6,0.892
"GP","H5","152","Chile","40","ELE - Computer, electronic and optical products","124","Canada",2018,2018,"MFN",6,26865.985
"GP","H5","152","Chile","40","ELE - Computer, electronic and optical products","152","Chile",2018,2018,"MFN",6,1078.814
"GP","H5","152","Chile","40","ELE - Computer, electronic and optical products","356","India",2018,2018,"MFN",6,8648.805
"GP","H5","152","Chile","40","ELE - Computer, electronic and optical products","392","Japan",2018,2018,"MFN",6,71520.515
"GP","H5","152","Chile","40","ELE - Computer, electronic and optical products","458","Malaysia",2018,2018,"MFN",6,43346.356
"GP","H5","152","Chile","40","ELE - Computer, electronic and optical products","484","Mexico",2018,2018,"MFN",6,598874.94
"GP","H5","152","Chile","40","ELE - Computer, electronic and optical products","554","New Zealand",2018,2018,"MFN",6,785.845
"GP","H5","152","Chile","40","ELE - Computer, electronic and optical products","604","Peru",2018,2018,"MFN",6,3645.054
"GP","H5","152","Chile","40","ELE - Computer, electronic and optical products","702","Singapore",2018,2018,"MFN",6,30882.591
"GP","H5","152","Chile","40","ELE - Computer, electronic and optical products","704","Vietnam",2018,2018,"MFN",6,323369.222
"GP","H5","152","Chile","43","MVH - Motor vehicles and parts","036","Australia",2018,2018,"MFN",6,1879.586
"GP","H5","152","Chile","43","MVH - Motor vehicles and parts","124","Canada",2018,2018,"MFN",6,72530.557
"GP","H5","152","Chile","43","MVH - Motor vehicles and parts","152","Chile",2018,2018,"MFN",6,143.007
"GP","H5","152","Chile","43","MVH - Motor vehicles and parts","356","India",2018,2018,"MFN",6,317492.061
"GP","H5","152","Chile","43","MVH - Motor vehicles and parts","392","Japan",2018,2018,"MFN",5.91,1379529.698
"GP","H5","152","Chile","43","MVH - Motor vehicles and parts","458","Malaysia",2018,2018,"MFN",6,1782.794
"GP","H5","152","Chile","43","MVH - Motor vehicles and parts","484","Mexico",2018,2018,"MFN",5.86,709137.709
"GP","H5","152","Chile","43","MVH - Motor vehicles and parts","554","New Zealand",2018,2018,"MFN",6,1102.746
"GP","H5","152","Chile","43","MVH - Motor vehicles and parts","604","Peru",2018,2018,"MFN",6,9978.775
"GP","H5","152","Chile","43","MVH - Motor vehicles and parts","702","Singapore",2018,2018,"MFN",6,1153.439
"GP","H5","152","Chile","43","MVH - Motor vehicles and parts","704","Vietnam",2018,2018,"MFN",6,118.936
"GP","H5","356","India","10","OAP - Animal products nec","036","Australia",2018,2018,"MFN",15,2963.523
"GP","H5","356","India","10","OAP - Animal products nec","096","Brunei",2018,2018,"MFN",0,215.931
"GP","H5","356","India","10","OAP - Animal products nec","124","Canada",2018,2018,"MFN",30,413.784
"GP","H5","356","India","10","OAP - Animal products nec","152","Chile",2018,2018,"MFN",0,43.544
"GP","H5","356","India","10","OAP - Animal products nec","392","Japan",2018,2018,"MFN",22.5,439.215
"GP","H5","356","India","10","OAP - Animal products nec","458","Malaysia",2018,2018,"MFN",20,1176.896
"GP","H5","356","India","10","OAP - Animal products nec","484","Mexico",2018,2018,"MFN",60,17.363
"GP","H5","356","India","10","OAP - Animal products nec","554","New Zealand",2018,2018,"MFN",12.86,2659.299
"GP","H5","356","India","10","OAP - Animal products nec","702","Singapore",2018,2018,"MFN",15,62.753
"GP","H5","356","India","10","OAP - Animal products nec","704","Vietnam",2018,2018,"MFN",0,133.344
"GP","H5","356","India","40","ELE - Computer, electronic and optical products","036","Australia",2018,2018,"MFN",5.83,70917.317
"GP","H5","356","India","40","ELE - Computer, electronic and optical products","096","Brunei",2018,2018,"MFN",7.5,162.075
"GP","H5","356","India","40","ELE - Computer, electronic and optical products","124","Canada",2018,2018,"MFN",6.06,173254.906
"GP","H5","356","India","40","ELE - Computer, electronic and optical products","152","Chile",2018,2018,"MFN",4.84,253.758
"GP","H5","356","India","40","ELE - Computer, electronic and optical products","392","Japan",2018,2018,"MFN",6.61,1487692.095
"GP","H5","356","India","40","ELE - Computer, electronic and optical products","458","Malaysia",2018,2018,"MFN",5.98,1550410.866
"GP","H5","356","India","40","ELE - Computer, electronic and optical products","484","Mexico",2018,2018,"MFN",5.22,853513.671
"GP","H5","356","India","40","ELE - Computer, electronic and optical products","554","New Zealand",2018,2018,"MFN",5.2,4926.729
"GP","H5","356","India","40","ELE - Computer, electronic and optical products","604","Peru",2018,2018,"MFN",5,81.288
"GP","H5","356","India","40","ELE - Computer, electronic and optical products","702","Singapore",2018,2018,"MFN",6.64,4568562.044
"GP","H5","356","India","40","ELE - Computer, electronic and optical products","704","Vietnam",2018,2018,"MFN",5.57,4004098.646
"GP","H5","356","India","43","MVH - Motor vehicles and parts","036","Australia",2018,2018,"MFN",19.97,2326.042
"GP","H5","356","India","43","MVH - Motor vehicles and parts","124","Canada",2018,2018,"MFN",14.89,65013.93
"GP","H5","356","India","43","MVH - Motor vehicles and parts","152","Chile",2018,2018,"MFN",10,8.914
"GP","H5","356","India","43","MVH - Motor vehicles and parts","392","Japan",2018,2018,"MFN",31.88,914319.495
"GP","H5","356","India","43","MVH - Motor vehicles and parts","458","Malaysia",2018,2018,"MFN",29.78,12808.689
"GP","H5","356","India","43","MVH - Motor vehicles and parts","484","Mexico",2018,2018,"MFN",9.52,156998.939
"GP","H5","356","India","43","MVH - Motor vehicles and parts","554","New Zealand",2018,2018,"MFN",48.33,21.697
"GP","H5","356","India","43","MVH - Motor vehicles and parts","604","Peru",2018,2018,"MFN",10,7.369
"GP","H5","356","India","43","MVH - Motor vehicles and parts","702","Singapore",2018,2018,"MFN",28.76,374108.213
"GP","H5","356","India","43","MVH - Motor vehicles and parts","704","Vietnam",2018,2018,"MFN",9.62,46459.55
"GP","H5","392","Japan","10","OAP - Animal products nec","036","Australia",2018,2018,"MFN",3.97,25290.373
"GP","H5","392","Japan","10","OAP - Animal products nec","124","Canada",2018,2018,"MFN",3.28,31403.531
"GP","H5","392","Japan","10","OAP - Animal products nec","152","Chile",2018,2018,"MFN",8.68,249.788
"GP","H5","392","Japan","10","OAP - Animal products nec","356","India",2018,2018,"MFN",4.84,10924.26
"GP","H5","392","Japan","10","OAP - Animal products nec","458","Malaysia",2018,2018,"MFN",0.88,1256.778
"GP","H5","392","Japan","10","OAP - Animal products nec","484","Mexico",2018,2018,"MFN",4.56,5075.377
"GP","H5","392","Japan","10","OAP - Animal products nec","554","New Zealand",2018,2018,"MFN",3.09,32141.034
"GP","H5","392","Japan","10","OAP - Animal products nec","604","Peru",2018,2018,"MFN",0.21,885.851
"GP","H5","392","Japan","10","OAP - Animal products nec","702","Singapore",2018,2018,"MFN",1.75,358.55
"GP","H5","392","Japan","10","OAP - Animal products nec","704","Vietnam",2018,2018,"MFN",4.13,23265.472
"GP","H5","392","Japan","40","ELE - Computer, electronic and optical products","036","Australia",2018,2018,"MFN",0,42904.496
"GP","H5","392","Japan","40","ELE - Computer, electronic and optical products","124","Canada",2018,2018,"MFN",0,286021.077
"GP","H5","392","Japan","40","ELE - Computer, electronic and optical products","152","Chile",2018,2018,"MFN",0,120.198
"GP","H5","392","Japan","40","ELE - Computer, electronic and optical products","356","India",2018,2018,"MFN",0,114488.04
"GP","H5","392","Japan","40","ELE - Computer, electronic and optical products","458","Malaysia",2018,2018,"MFN",0,4066343.513
"GP","H5","392","Japan","40","ELE - Computer, electronic and optical products","484","Mexico",2018,2018,"MFN",0,1324258.816
"GP","H5","392","Japan","40","ELE - Computer, electronic and optical products","554","New Zealand",2018,2018,"MFN",0,4419.526
"GP","H5","392","Japan","40","ELE - Computer, electronic and optical products","604","Peru",2018,2018,"MFN",0,675.992
"GP","H5","392","Japan","40","ELE - Computer, electronic and optical products","702","Singapore",2018,2018,"MFN",0,2315024.666
"GP","H5","392","Japan","40","ELE - Computer, electronic and optical products","704","Vietnam",2018,2018,"MFN",0,2520182.112
"GP","H5","392","Japan","43","MVH - Motor vehicles and parts","036","Australia",2018,2018,"MFN",0,76221.171
"GP","H5","392","Japan","43","MVH - Motor vehicles and parts","124","Canada",2018,2018,"MFN",0,56474.436
"GP","H5","392","Japan","43","MVH - Motor vehicles and parts","152","Chile",2018,2018,"MFN",0,65.13
"GP","H5","392","Japan","43","MVH - Motor vehicles and parts","356","India",2018,2018,"MFN",0,221472.336
"GP","H5","392","Japan","43","MVH - Motor vehicles and parts","458","Malaysia",2018,2018,"MFN",0,73447.041
"GP","H5","392","Japan","43","MVH - Motor vehicles and parts","484","Mexico",2018,2018,"MFN",0,807466.668
"GP","H5","392","Japan","43","MVH - Motor vehicles and parts","554","New Zealand",2018,2018,"MFN",0,1020.589
"GP","H5","392","Japan","43","MVH - Motor vehicles and parts","604","Peru",2018,2018,"MFN",0,10.958
"GP","H5","392","Japan","43","MVH - Motor vehicles and parts","702","Singapore",2018,2018,"MFN",0,6224.045
"GP","H5","392","Japan","43","MVH - Motor vehicles and parts","704","Vietnam",2018,2018,"MFN",0,603455.447
"GP","H5","604","Peru","10","OAP - Animal products nec","036","Australia",2018,2018,"MFN",0,151.935
"GP","H5","604","Peru","10","OAP - Animal products nec","124","Canada",2018,2018,"MFN",0,2544.767
"GP","H5","604","Peru","10","OAP - Animal products nec","152","Chile",2018,2018,"MFN",0,663.979
"GP","H5","604","Peru","10","OAP - Animal products nec","484","Mexico",2018,2018,"MFN",6,4.595
"GP","H5","604","Peru","40","ELE - Computer, electronic and optical products","036","Australia",2018,2018,"MFN",0.58,10732.848
"GP","H5","604","Peru","40","ELE - Computer, electronic and optical products","124","Canada",2018,2018,"MFN",0.47,20306.421
"GP","H5","604","Peru","40","ELE - Computer, electronic and optical products","152","Chile",2018,2018,"MFN",0.43,3362.334
"GP","H5","604","Peru","40","ELE - Computer, electronic and optical products","356","India",2018,2018,"MFN",0.6,11386.107
"GP","H5","604","Peru","40","ELE - Computer, electronic and optical products","392","Japan",2018,2018,"MFN",1,45988.08
"GP","H5","604","Peru","40","ELE - Computer, electronic and optical products","458","Malaysia",2018,2018,"MFN",0.81,59601.804
"GP","H5","604","Peru","40","ELE - Computer, electronic and optical products","484","Mexico",2018,2018,"MFN",0.75,542289.976
"GP","H5","604","Peru","40","ELE - Computer, electronic and optical products","554","New Zealand",2018,2018,"MFN",0.2,249.924
"GP","H5","604","Peru","40","ELE - Computer, electronic and optical products","604","Peru",2018,2018,"MFN",0,10.215
"GP","H5","604","Peru","40","ELE - Computer, electronic and optical products","702","Singapore",2018,2018,"MFN",0.62,16350.321
"GP","H5","604","Peru","40","ELE - Computer, electronic and optical products","704","Vietnam",2018,2018,"MFN",1.23,74333.956
"GP","H5","604","Peru","43","MVH - Motor vehicles and parts","036","Australia",2018,2018,"MFN",0,856.842
"GP","H5","604","Peru","43","MVH - Motor vehicles and parts","124","Canada",2018,2018,"MFN",0.8,11191.043
"GP","H5","604","Peru","43","MVH - Motor vehicles and parts","152","Chile",2018,2018,"MFN",0.48,9320.001
"GP","H5","604","Peru","43","MVH - Motor vehicles and parts","356","India",2018,2018,"MFN",0.63,173947.935
"GP","H5","604","Peru","43","MVH - Motor vehicles and parts","392","Japan",2018,2018,"MFN",0.8,442219.046
"GP","H5","604","Peru","43","MVH - Motor vehicles and parts","458","Malaysia",2018,2018,"MFN",0,915.295
"GP","H5","604","Peru","43","MVH - Motor vehicles and parts","484","Mexico",2018,2018,"MFN",0.88,338963.633
"GP","H5","604","Peru","43","MVH - Motor vehicles and parts","554","New Zealand",2018,2018,"MFN",1.2,105.504
"GP","H5","604","Peru","43","MVH - Motor vehicles and parts","604","Peru",2018,2018,"MFN",0,8.98
"GP","H5","604","Peru","43","MVH - Motor vehicles and parts","702","Singapore",2018,2018,"MFN",0,473.127
"GP","H5","604","Peru","43","MVH - Motor vehicles and parts","704","Vietnam",2018,2018,"MFN",0,66.892
"GP","H5","704","Vietnam","10","OAP - Animal products nec","036","Australia",2018,2018,"MFN",3.04,4650.799
"GP","H5","704","Vietnam","10","OAP - Animal products nec","124","Canada",2018,2018,"MFN",1.56,23765.788
"GP","H5","704","Vietnam","10","OAP - Animal products nec","152","Chile",2018,2018,"MFN",0,188.75
"GP","H5","704","Vietnam","10","OAP - Animal products nec","356","India",2018,2018,"MFN",2.71,221.028
"GP","H5","704","Vietnam","10","OAP - Animal products nec","392","Japan",2018,2018,"MFN",3.78,5547.043
"GP","H5","704","Vietnam","10","OAP - Animal products nec","458","Malaysia",2018,2018,"MFN",4.88,19560.057
"GP","H5","704","Vietnam","10","OAP - Animal products nec","554","New Zealand",2018,2018,"MFN",3.07,1947.345
"GP","H5","704","Vietnam","10","OAP - Animal products nec","604","Peru",2018,2018,"MFN",0,32.526
"GP","H5","704","Vietnam","10","OAP - Animal products nec","702","Singapore",2018,2018,"MFN",14.64,138.315
"GP","H5","704","Vietnam","40","ELE - Computer, electronic and optical products","036","Australia",2018,2018,"MFN",3.12,15991.534
"GP","H5","704","Vietnam","40","ELE - Computer, electronic and optical products","096","Brunei",2018,2018,"MFN",0.48,371.62
"GP","H5","704","Vietnam","40","ELE - Computer, electronic and optical products","124","Canada",2018,2018,"MFN",3.15,20506.904
"GP","H5","704","Vietnam","40","ELE - Computer, electronic and optical products","152","Chile",2018,2018,"MFN",0,7.999
"GP","H5","704","Vietnam","40","ELE - Computer, electronic and optical products","356","India",2018,2018,"MFN",3.12,64034.309
"GP","H5","704","Vietnam","40","ELE - Computer, electronic and optical products","392","Japan",2018,2018,"MFN",3.99,2785266.689
"GP","H5","704","Vietnam","40","ELE - Computer, electronic and optical products","458","Malaysia",2018,2018,"MFN",3.5,1716526.464
"GP","H5","704","Vietnam","40","ELE - Computer, electronic and optical products","554","New Zealand",2018,2018,"MFN",3.44,3922.494
"GP","H5","704","Vietnam","40","ELE - Computer, electronic and optical products","702","Singapore",2018,2018,"MFN",5.33,3691370.146
"GP","H5","704","Vietnam","43","MVH - Motor vehicles and parts","036","Australia",2018,2018,"MFN",15.86,931.439
"GP","H5","704","Vietnam","43","MVH - Motor vehicles and parts","096","Brunei",2018,2018,"MFN",12.77,0.747
"GP","H5","704","Vietnam","43","MVH - Motor vehicles and parts","124","Canada",2018,2018,"MFN",23.55,4804.613
"GP","H5","704","Vietnam","43","MVH - Motor vehicles and parts","356","India",2018,2018,"MFN",18.25,179499.964
"GP","H5","704","Vietnam","43","MVH - Motor vehicles and parts","392","Japan",2018,2018,"MFN",21.5,801734.178
"GP","H5","704","Vietnam","43","MVH - Motor vehicles and parts","458","Malaysia",2018,2018,"MFN",19.14,18452.493
"GP","H5","704","Vietnam","43","MVH - Motor vehicles and parts","554","New Zealand",2018,2018,"MFN",13.62,37.211
"GP","H5","704","Vietnam","43","MVH - Motor vehicles and parts","702","Singapore",2018,2018,"MFN",19.44,42162.596
